timestamp,TP2,TP3,H1,DV_pressure,Reservoirs,Oil_temperature,Motor_current
4/16/2020 0:00,-0.014,9.74,9.73,-0.024,9.74,65.375,3.807500000000001
4/16/2020 0:05,-0.014,9.302,9.292,-0.024,9.304,62.3,0.045
4/16/2020 0:10,-0.014,8.9,8.886,-0.024,8.9,57.425,0.04
4/16/2020 0:15,-0.016,8.45,8.44,-0.024,8.452,56.175,0.0425
4/16/2020 0:19,8.828,8.49,-0.018,0.3960000000000008,8.488,54.325,5.8475
4/16/2020 0:24,9.252,9.054,-0.014,1.7620000000000005,9.052,67.07499999999999,5.977499999999999
4/16/2020 0:52,-0.012,8.282,8.268,-0.022,8.278,57.425,3.952500000000001
4/16/2020 2:28,8.87,8.408,-0.008,-0.02,8.404,47.425,5.940000000000001
4/16/2020 2:33,-0.014,10.006,9.994,-0.022,10.004,64.25,3.92
4/16/2020 2:38,-0.014,9.656,9.644,-0.022,9.654,60.45,3.8375
4/16/2020 2:43,-0.014,9.33,9.318,-0.022,9.33,55.150000000000006,0.045
4/16/2020 2:48,-0.014,9.032,9.018,-0.024,9.03,53.42499999999998,0.045
4/16/2020 2:53,-0.014,8.748,8.738,-0.024,8.748,52.025000000000006,0.045
4/16/2020 2:58,-0.014,8.486,8.476,-0.024,8.488,50.825,0.0425
4/16/2020 3:03,-0.018,8.24,8.23,-0.024,8.24,49.8,0.0425
4/16/2020 3:08,9.6,9.202,-0.014,-0.024,9.2,53.225,5.949999999999999
4/16/2020 3:13,-0.014,9.69,9.678,-0.024,9.69,60.1,3.7675
4/16/2020 3:18,-0.014,9.374,9.362,-0.022,9.374,56.69999999999999,0.045
4/16/2020 3:23,-0.014,9.074,9.06,-0.022,9.074,54.2,0.045
4/16/2020 3:28,-0.016,8.788,8.778,-0.024,8.79,52.55000000000001,0.0425
4/16/2020 3:33,-0.014,8.528,8.516,-0.024,8.528,51.400000000000006,0.045
4/16/2020 3:38,-0.016,8.284,8.274,-0.024,8.286,50.325,0.045
4/16/2020 3:43,8.858,8.352,-0.024,-0.024,8.35,49.325,5.987499999999999
4/16/2020 3:47,-0.012,9.734,9.724,-0.022,9.734,60.14999999999999,3.7775
4/16/2020 3:52,-0.014,9.418,9.404,-0.024,9.418,57.89999999999999,0.045
4/16/2020 3:57,-0.014,9.114,9.102,-0.024,9.114,54.35000000000001,0.0425
4/16/2020 4:02,-0.016,8.834,8.822,-0.024,8.834,52.725,0.0425
4/16/2020 4:07,-0.018,8.566,8.556,-0.026,8.568,51.6,0.0425
4/16/2020 4:12,-0.014,8.322,8.312,-0.022,8.324,50.52499999999999,0.0425
4/16/2020 4:17,-0.018,8.09,8.082,-0.024,8.092,49.375,0.0425
4/16/2020 4:22,-0.022,10.078,10.072,-0.026,10.078,66.475,3.7875
4/16/2020 4:27,-0.012,9.722,9.71,-0.022,9.72,61.900000000000006,3.870000000000001
4/16/2020 4:32,-0.014,9.402,9.39,-0.022,9.404,57.60000000000001,0.0425
4/16/2020 4:37,-0.016,9.018,9.006,-0.022,9.018,55.55000000000001,0.0425
4/16/2020 4:42,-0.014,8.64,8.63,-0.022,8.64,54.1,0.04
4/16/2020 4:47,-0.016,8.398,8.386,-0.024,8.398,52.8,0.04
4/16/2020 4:52,-0.016,8.162,8.152,-0.024,8.164,51.6,0.04
4/16/2020 4:57,-0.024,10.082,10.082,-0.024,10.082,65.17500000000001,3.8249999999999993
4/16/2020 5:02,-0.014,9.652,9.638,-0.022,9.652,61.25,3.7975
4/16/2020 5:07,-0.014,9.242,9.228,-0.022,9.242,56.875000000000014,0.0425
4/16/2020 5:12,-0.016,8.778,8.768,-0.024,8.78,55.1,0.0425
4/16/2020 5:17,-0.016,8.49,8.48,-0.022,8.49,54.2,0.04
4/16/2020 5:22,-0.016,8.252,8.242,-0.022,8.254,52.89999999999999,0.0425
4/16/2020 5:27,9.47,9.016,-0.014,-0.024,9.01,54,6.1175
4/16/2020 5:32,-0.012,9.722,9.71,-0.024,9.72,62.6,3.9475
4/16/2020 5:36,-0.014,9.402,9.39,-0.024,9.402,59.02499999999999,0.0425
4/16/2020 5:41,-0.012,9.11,9.098,-0.024,9.11,56.075,0.0425
4/16/2020 5:46,-0.014,8.808,8.796,-0.024,8.808,54.82499999999999,0.0425
4/16/2020 5:51,-0.016,8.472,8.462,-0.024,8.474,53,0.0425
4/16/2020 5:56,-0.016,8.238,8.228,-0.024,8.238,51.1,0.0425
4/16/2020 6:01,9.448,9.166,-0.016,0.5760000000000005,9.162,54.075,5.98
4/16/2020 6:06,-0.014,9.934,9.922,-0.024,9.932,65.97500000000001,3.84
4/16/2020 6:11,-0.014,9.608,9.596,-0.024,9.606,61.75,0.045
4/16/2020 6:16,-0.014,9.056,9.044,-0.024,9.056,56.325,0.0425
4/16/2020 6:21,-0.016,8.546,8.536,-0.024,8.546,54.725,0.0425
4/16/2020 6:26,-0.018,8.226,8.216,-0.026,8.226,53.57499999999999,0.0425
4/16/2020 6:31,10.002,9.594,-0.014,-0.024,9.588,57.60000000000001,6.174999999999999
4/16/2020 6:36,-0.014,9.172,9.162,-0.024,9.174,63.3,3.887500000000001
4/16/2020 6:41,-0.014,8.686,8.674,-0.024,8.688,58.60000000000001,0.04
4/16/2020 6:46,-0.014,8.47,8.458,-0.024,8.468,55.82499999999999,0.0425
4/16/2020 6:51,8.554,8.092,-0.026,-0.024,8.09,54.725,5.9025
4/16/2020 6:56,-0.014,9.73,9.72,-0.024,9.73,64.875,3.817500000000001
4/16/2020 7:01,-0.014,9.402,9.39,-0.024,9.402,59.975,0.0425
4/16/2020 7:06,-0.016,9.092,9.078,-0.024,9.092,56.125,0.0425
4/16/2020 7:11,-0.016,8.794,8.782,-0.024,8.794,54.725,0.04
4/16/2020 7:16,-0.014,8.528,8.516,-0.024,8.526,53.400000000000006,0.0425
4/16/2020 7:21,-0.016,8.274,8.262,-0.024,8.274,51.82500000000002,0.04
4/16/2020 7:26,9.584,9.302,-0.012,0.4400000000000013,9.298,56.69999999999999,6.025
4/16/2020 7:30,-0.014,9.678,9.666,-0.026,9.676,63.27499999999999,3.7875
4/16/2020 7:35,-0.014,9.282,9.272,-0.024,9.282,60.375,0.0425
4/16/2020 7:40,-0.014,8.992,8.982,-0.024,8.992,56.325,0.0425
4/16/2020 7:45,-0.016,8.71,8.698,-0.024,8.712,54.67500000000001,0.0425
4/16/2020 7:50,-0.016,8.45,8.44,-0.024,8.452,53,0.0425
4/16/2020 7:55,-0.016,8.21,8.198,-0.024,8.21,51.05,0.04
4/16/2020 8:00,10.472,10.09,-0.014,-0.024,10.084,59.000000000000014,6.1800000000000015
4/16/2020 8:05,-0.012,9.474,9.464,-0.022,9.474,61.20000000000002,3.76
4/16/2020 8:10,-0.016,9.158,9.146,-0.024,9.16,55.125,0.0425
4/16/2020 8:15,-0.016,8.88,8.868,-0.022,8.882,53.2,0.0425
4/16/2020 8:20,-0.016,8.614,8.602,-0.026,8.614,52.075,0.04
4/16/2020 8:25,-0.016,8.368,8.358,-0.024,8.368,50.975,0.04
4/16/2020 8:30,-0.016,8.134,8.126,-0.026,8.136,49.825,0.0425
4/16/2020 8:35,-0.016,9.884,9.874,-0.022,9.882,60.650000000000006,3.77
4/16/2020 8:40,-0.014,9.512,9.502,-0.026,9.512,59.02499999999999,3.764999999999999
4/16/2020 8:45,-0.016,9.07,9.06,-0.026,9.07,54.275000000000006,0.0425
4/16/2020 8:50,-0.016,8.788,8.778,-0.026,8.788,53.525000000000006,0.04
4/16/2020 8:55,-0.016,8.538,8.526,-0.024,8.538,51.82500000000002,0.0425
4/16/2020 9:00,-0.014,8.3,8.29,-0.024,8.3,50.725,0.04
4/16/2020 9:05,-0.018,8.074,8.066,-0.024,8.076,49.225,0.0425
4/16/2020 9:10,-0.016,9.772,9.76,-0.026,9.77,60.225,3.76
4/16/2020 9:15,-0.016,9.39,9.378,-0.024,9.39,58.575,0.0425
4/16/2020 9:20,-0.014,8.99,8.978,-0.022,8.992,53.62499999999999,0.0425
4/16/2020 9:24,-0.016,8.726,8.716,-0.024,8.728,51.625000000000014,0.0375
4/16/2020 9:29,-0.016,8.486,8.476,-0.024,8.488,50.42500000000001,0.04
4/16/2020 9:34,-0.016,8.256,8.246,-0.024,8.258,49.425,0.0425
4/16/2020 9:39,9.28,8.816,-0.018,-0.024,8.812,49.425,5.965
4/16/2020 9:44,-0.016,9.716,9.704,-0.024,9.716,59.60000000000001,3.8225
4/16/2020 9:49,-0.016,8.764,8.754,-0.024,8.768,55.77499999999999,0.04
4/16/2020 9:54,-0.016,8.194,8.184,-0.024,8.196,52.925,0.0425
4/16/2020 9:59,-0.016,9.866,9.854,-0.024,9.864,67.30000000000001,3.865
4/16/2020 10:04,-0.014,9.54,9.526,-0.024,9.54,62.5,3.834999999999999
4/16/2020 10:09,-0.014,9.238,9.226,-0.024,9.238,57.02499999999999,0.04
4/16/2020 10:14,-0.014,8.96,8.948,-0.024,8.96,55.2,0.0425
4/16/2020 10:19,-0.014,8.704,8.694,-0.024,8.706,53.35000000000001,0.04
4/16/2020 10:24,-0.018,8.45,8.44,-0.026,8.45,51.925,0.0425
4/16/2020 10:29,3.2880000000000003,8.072,-0.03,-0.024,8.074,50.8,4.932499999999999
4/16/2020 10:34,9.856,9.674,-0.014,1.4640000000000004,9.672,66.575,6.1325
4/16/2020 10:39,-0.022,10.096,10.096,-0.02,10.096,67.07499999999999,3.844999999999999
4/16/2020 10:44,-0.012,9.762,9.748,-0.022,9.764,64.575,3.815
4/16/2020 10:49,-0.014,9.47,9.454,-0.022,9.47,60.225,0.0425
4/16/2020 10:54,-0.014,9.17,9.158,-0.022,9.172,57.975,0.04
4/16/2020 10:59,-0.014,8.89,8.88,-0.022,8.892,56.150000000000006,0.0425
4/16/2020 11:04,-0.022,10.132,10.134,-0.02,10.13,66.55,3.9025
4/16/2020 11:09,-0.014,9.45,9.436,-0.024,9.45,63.175,3.8575
4/16/2020 11:14,-0.014,9.096,9.084,-0.022,9.094,59.625,0.0425
4/16/2020 11:19,-0.014,8.81,8.798,-0.022,8.81,57.80000000000001,0.0425
4/16/2020 11:23,-0.016,8.542,8.532,-0.024,8.542,56.05,0.0425
4/16/2020 11:28,-0.014,8.298,8.288,-0.024,8.298,54.3,0.0425
4/16/2020 11:33,10.084,9.694,-0.012,-0.022,9.686,57.875000000000014,6.1325
4/16/2020 11:38,-0.014,9.756,9.74,-0.022,9.752,62.87499999999999,3.887500000000001
4/16/2020 11:43,-0.012,9.388,9.372,-0.024,9.386,59.3,0.0425
4/16/2020 11:48,-0.014,9,8.986,-0.022,8.998,56.1,0.0425
4/16/2020 11:53,-0.016,8.764,8.752,-0.022,8.764,54.3,0.0425
4/16/2020 11:58,-0.016,8.542,8.532,-0.022,8.546,52.925,0.0425
4/16/2020 12:03,-0.016,8.332,8.322,-0.022,8.334,51.77499999999999,0.0425
4/16/2020 12:08,-0.016,8.106,8.096,-0.022,8.108,50.69999999999999,0.04
4/16/2020 12:13,-0.016,9.844,9.834,-0.024,9.842,64.72500000000001,3.98
4/16/2020 12:18,-0.014,9.512,9.498,-0.024,9.51,60.60000000000001,0.05
4/16/2020 12:23,-0.014,9.234,9.222,-0.022,9.236,55.62499999999999,0.04
4/16/2020 12:28,-0.016,8.86,8.85,-0.024,8.862,54.400000000000006,0.0425
4/16/2020 12:33,-0.016,8.574,8.564,-0.024,8.576,53.60000000000001,0.0425
4/16/2020 12:38,-0.016,8.328,8.318,-0.022,8.328,52.625000000000014,0.0425
4/16/2020 12:43,-0.016,8.108,8.1,-0.024,8.112,51.1,0.0425
4/16/2020 12:48,-0.018,9.816,9.808,-0.024,9.816,64.775,3.8025
4/16/2020 12:53,-0.014,9.508,9.496,-0.022,9.508,60.125,3.7325
4/16/2020 12:58,-0.014,8.988,8.976,-0.024,8.99,56.74999999999999,0.0425
4/16/2020 13:03,-0.016,8.636,8.624,-0.024,8.636,54.42499999999998,0.0425
4/16/2020 13:08,-0.014,8.428,8.418,-0.022,8.43,52.625000000000014,0.04
4/16/2020 13:12,-0.016,8.218,8.208,-0.024,8.222,51.625000000000014,0.04
4/16/2020 13:17,9.472,9.19,-0.014,0.1379999999999999,9.188,55.1,6.0825
4/16/2020 13:22,-0.014,9.892,9.88,-0.022,9.894,64.775,3.872500000000001
4/16/2020 13:27,-0.012,9.57,9.556,-0.022,9.572,61.775000000000006,0.0425
4/16/2020 13:32,-0.014,9.248,9.236,-0.022,9.248,57,0.0425
4/16/2020 13:37,-0.014,8.862,8.85,-0.02,8.862,55.375,0.0425
4/16/2020 13:42,-0.014,8.426,8.414,-0.022,8.426,54.150000000000006,0.0375
4/16/2020 13:47,-0.014,8.184,8.174,-0.024,8.186,53.125,0.0425
4/16/2020 13:52,8.812,9.632,-0.014,0.058,9.628,62.775000000000006,5.745000000000001
4/16/2020 13:57,-0.012,9.772,9.76,-0.022,9.768,63.675,3.807500000000001
4/16/2020 14:02,-0.012,9.47,9.454,-0.022,9.47,59.72500000000001,0.0425
4/16/2020 14:07,-0.014,9.148,9.136,-0.022,9.144,56.69999999999999,0.0425
4/16/2020 14:12,-0.014,8.864,8.852,-0.022,8.864,55.525000000000006,0.0425
4/16/2020 14:17,-0.014,8.526,8.516,-0.024,8.526,53.60000000000001,0.0425
4/16/2020 14:22,-0.014,8.326,8.314,-0.022,8.326,52.025000000000006,0.0375
4/16/2020 14:27,8.976,8.49,-0.02,-0.022,8.484,51.150000000000006,5.897500000000001
4/16/2020 14:32,-0.014,9.732,9.718,-0.022,9.73,62.14999999999999,3.774999999999999
4/16/2020 14:37,-0.012,9.434,9.42,-0.022,9.438,59.375,0.0425
4/16/2020 14:42,-0.014,9.144,9.132,-0.024,9.146,56.02499999999999,0.0425
4/16/2020 14:47,-0.014,8.86,8.852,-0.022,8.862,54.325,0.0425
4/16/2020 14:52,-0.014,8.576,8.562,-0.022,8.576,53.025000000000006,0.0425
4/16/2020 14:57,-0.016,8.272,8.26,-0.024,8.272,51.925,0.0425
4/16/2020 15:02,9.058,8.576,-0.02,-0.024,8.572,52.22500000000001,5.865
4/16/2020 15:06,-0.014,9.824,9.812,-0.022,9.82,63.425,3.747500000000001
4/16/2020 15:11,-0.012,9.526,9.514,-0.022,9.524,60.5,0.0425
4/16/2020 15:16,-0.014,9.244,9.234,-0.022,9.246,56.400000000000006,0.04
4/16/2020 15:21,-0.016,8.988,8.976,-0.024,8.988,54.275000000000006,0.0425
4/16/2020 15:26,-0.016,8.708,8.698,-0.022,8.708,53.69999999999999,0.0425
4/16/2020 15:31,-0.014,8.336,8.328,-0.024,8.338,52.22500000000001,0.04
4/16/2020 15:36,-0.016,8.102,8.092,-0.024,8.104,50.52499999999999,0.04
4/16/2020 15:41,-0.024,10.132,10.134,-0.022,10.13,64.875,3.827500000000001
4/16/2020 15:46,-0.014,9.768,9.754,-0.022,9.766,62.35,3.9499999999999993
4/16/2020 15:51,-0.012,9.48,9.466,-0.022,9.48,58.3,0.04
4/16/2020 15:56,-0.014,9.19,9.18,-0.022,9.192,56.3,0.04
4/16/2020 16:01,-0.016,8.912,8.902,-0.022,8.914,54.650000000000006,0.0425
4/16/2020 16:06,-0.016,8.49,8.478,-0.022,8.49,53.2,0.0425
4/16/2020 16:11,-0.016,8.144,8.136,-0.022,8.146,52.125,0.04
4/16/2020 16:16,-0.014,9.82,9.806,-0.024,9.816,65.7,3.8025
4/16/2020 16:21,-0.014,9.498,9.484,-0.022,9.496,63.07499999999999,0.045
4/16/2020 16:26,-0.012,9.076,9.064,-0.022,9.076,57.60000000000001,0.0425
4/16/2020 16:31,-0.014,8.816,8.804,-0.022,8.814,55.72500000000001,0.0425
4/16/2020 16:36,-0.016,8.53,8.52,-0.024,8.528,54.02499999999999,0.0425
4/16/2020 16:41,-0.014,8.27,8.26,-0.024,8.27,53.35000000000001,0.0425
4/16/2020 16:46,9.644,9.366,-0.012,0.4480000000000004,9.362,57.875000000000014,6.0175
4/16/2020 16:51,-0.012,9.84,9.828,-0.022,9.838,63.05000000000001,3.735000000000001
4/16/2020 16:55,-0.012,9.55,9.536,-0.022,9.548,59.7,0.0425
4/16/2020 17:00,-0.012,9.256,9.244,-0.022,9.254,56.72500000000001,0.04
4/16/2020 17:05,-0.012,8.984,8.972,-0.022,8.984,55.2,0.04
4/16/2020 17:10,-0.016,8.722,8.712,-0.024,8.722,53.8,0.04
4/16/2020 17:15,-0.016,8.478,8.466,-0.022,8.478,52.60000000000001,0.0425
4/16/2020 17:20,-0.016,8.16,8.15,-0.022,8.162,51.22500000000001,0.04
4/16/2020 17:25,-0.018,9.92,9.912,-0.024,9.918,64.14999999999999,3.805
4/16/2020 17:30,-0.014,9.386,9.374,-0.022,9.384,62.87499999999999,3.85
4/16/2020 17:35,-0.014,9.1,9.09,-0.022,9.102,57.69999999999999,0.0425
4/16/2020 17:40,-0.016,8.828,8.814,-0.024,8.826,55.925,0.04
4/16/2020 17:45,-0.014,8.578,8.566,-0.022,8.578,54.225,0.0425
4/16/2020 17:50,-0.016,8.338,8.326,-0.022,8.336,52.49999999999999,0.0425
4/16/2020 17:55,-0.016,8.118,8.108,-0.024,8.118,51.85,0.0425
4/16/2020 18:00,-0.016,9.788,9.778,-0.024,9.786,65.7,3.98
4/16/2020 18:05,-0.014,9.4,9.39,-0.022,9.402,61.7,3.815
4/16/2020 18:10,-0.014,9.104,9.092,-0.022,9.106,55.95000000000002,0.0425
4/16/2020 18:15,-0.014,8.84,8.826,-0.022,8.84,54.82499999999999,0.04
4/16/2020 18:20,-0.016,8.586,8.576,-0.024,8.588,53.42499999999998,0.0425
4/16/2020 18:25,-0.014,8.35,8.338,-0.022,8.35,52.3,0.04
4/16/2020 18:30,-0.016,8.126,8.114,-0.024,8.126,51.075,0.04
4/16/2020 18:35,-0.016,9.888,9.878,-0.022,9.886,63.79999999999998,3.8675
4/16/2020 18:40,-0.012,9.546,9.534,-0.024,9.546,61.3,3.827500000000001
4/16/2020 18:45,-0.014,9.192,9.18,-0.024,9.192,56.54999999999998,0.0425
4/16/2020 18:49,-0.014,8.918,8.906,-0.022,8.918,54.82499999999999,0.0425
4/16/2020 18:54,-0.014,8.658,8.648,-0.022,8.658,53.8,0.04
4/16/2020 18:59,-0.018,8.414,8.404,-0.026,8.414,52.3,0.0425
4/16/2020 19:04,-0.018,8.186,8.178,-0.024,8.186,50.675,0.0425
4/16/2020 19:09,10.366,10,-0.012,-0.022,9.994,59.000000000000014,6.3100000000000005
4/16/2020 19:14,-0.014,9.628,9.614,-0.024,9.626,61.475,3.782499999999999
4/16/2020 19:19,-0.014,9.268,9.256,-0.022,9.268,55.925,0.0425
4/16/2020 19:24,-0.014,8.998,8.984,-0.024,8.998,53.8,0.0425
4/16/2020 19:29,-0.016,8.74,8.728,-0.024,8.74,52.69999999999999,0.0425
4/16/2020 19:34,10.124,9.726,-0.014,-0.024,9.724,58.975,6.232500000000002
4/16/2020 19:39,-0.014,9.528,9.516,-0.022,9.53,62.525000000000006,3.7575
4/16/2020 19:44,-0.016,8.648,8.634,-0.024,8.646,57.625,0.0425
4/16/2020 19:49,-0.014,8.094,8.084,-0.024,8.096,55.400000000000006,0.0425
4/16/2020 19:54,-0.014,9.774,9.764,-0.022,9.772,66.475,3.8249999999999993
4/16/2020 19:59,-0.014,9.364,9.354,-0.024,9.364,63.19999999999999,0.045
4/16/2020 20:04,-0.014,8.686,8.674,-0.022,8.686,58.1,0.0425
4/16/2020 20:09,-0.016,8.228,8.216,-0.024,8.228,56.175,0.04
4/16/2020 20:14,-0.028,10.088,10.088,-0.024,10.086,66.775,3.905
4/16/2020 20:19,-0.014,9.524,9.512,-0.024,9.524,63.475,3.7225
4/16/2020 20:24,-0.016,9.132,9.12,-0.024,9.132,59.3,0.0425
4/16/2020 20:29,-0.016,8.442,8.43,-0.024,8.442,57.02499999999999,0.0425
4/16/2020 20:34,5.917999999999999,8.056,-0.028,-0.022,8.058,54.725,5.275
4/16/2020 20:39,-0.014,9.7,9.688,-0.026,9.7,64.8,3.782499999999999
4/16/2020 20:43,-0.014,9.284,9.274,-0.024,9.284,61.5,0.0425
4/16/2020 20:48,-0.016,8.892,8.882,-0.022,8.892,57.325,0.0425
4/16/2020 20:53,-0.016,8.522,8.514,-0.026,8.522,55.325,0.0425
4/16/2020 20:58,9,8.528,-0.018,-0.024,8.524,54.25,5.962499999999999
4/16/2020 21:03,-0.014,9.65,9.638,-0.024,9.65,64.475,3.924999999999999
4/16/2020 21:08,-0.014,9.102,9.09,-0.024,9.102,60.775000000000006,0.0425
4/16/2020 21:13,-0.014,8.724,8.71,-0.024,8.722,57.1,0.0425
4/16/2020 21:18,9.986,9.59,-0.014,-0.024,9.586,62.900000000000006,6.174999999999999
4/16/2020 21:23,-0.026,10.108,10.106,-0.024,10.104,70.275,3.887500000000001
4/16/2020 21:28,-0.012,9.592,9.578,-0.022,9.59,65.19999999999999,3.8025
4/16/2020 21:33,-0.016,9.176,9.164,-0.024,9.176,60.7,0.0425
4/16/2020 21:38,-0.016,8.786,8.774,-0.024,8.786,58.45,0.0425
4/16/2020 21:43,-0.014,8.202,8.192,-0.022,8.204,57.02499999999999,0.0425
4/16/2020 21:48,-0.014,9.724,9.712,-0.022,9.724,66.825,3.75
4/16/2020 21:53,-0.014,9.208,9.196,-0.022,9.208,63.14999999999999,0.045
4/16/2020 21:58,-0.014,8.818,8.806,-0.022,8.816,57.875000000000014,0.0425
4/16/2020 22:03,-0.014,8.45,8.44,-0.022,8.45,56.3,0.0425
4/16/2020 22:08,-0.014,8.108,8.098,-0.024,8.108,54.67500000000001,0.0425
4/16/2020 22:13,-0.014,9.778,9.766,-0.024,9.776,65.97500000000001,3.8375
4/16/2020 22:18,-0.014,9.324,9.312,-0.022,9.322,63.125000000000014,0.045
4/16/2020 22:23,-0.014,8.808,8.796,-0.024,8.808,57.94999999999999,0.0425
4/16/2020 22:28,-0.014,8.434,8.426,-0.024,8.434,56.525000000000006,0.04
4/16/2020 22:33,-0.016,8.09,8.084,-0.024,8.094,54.975,0.04
4/16/2020 22:37,-0.02,10.034,10.028,-0.024,10.03,67.97500000000001,3.880000000000001
4/16/2020 22:42,-0.012,9.546,9.534,-0.024,9.544,63.775000000000006,3.78
4/16/2020 22:47,-0.014,9.124,9.112,-0.024,9.126,59.2,0.04
4/16/2020 22:52,-0.016,8.736,8.726,-0.022,8.736,56.82499999999999,0.04
4/16/2020 22:57,-0.014,8.372,8.36,-0.022,8.372,55.72500000000001,0.0425
4/16/2020 23:02,-0.018,9.912,9.904,-0.024,9.91,66.225,3.805
4/16/2020 23:07,-0.012,9.432,9.422,-0.022,9.432,62.27499999999999,3.815
4/16/2020 23:12,-0.014,9.028,9.016,-0.024,9.028,58.02499999999999,0.0425
4/16/2020 23:17,-0.016,8.648,8.636,-0.024,8.648,56.225,0.04
4/16/2020 23:22,-0.014,8.294,8.284,-0.024,8.296,54.69999999999999,0.0425
4/16/2020 23:27,-0.02,9.976,9.97,-0.024,9.974,66.675,3.82
4/16/2020 23:32,-0.014,9.342,9.332,-0.022,9.344,62.675,3.8225
4/16/2020 23:37,-0.014,8.888,8.876,-0.022,8.886,58.60000000000001,0.0425
4/16/2020 23:42,-0.014,8.516,8.506,-0.024,8.516,56.875000000000014,0.04
4/16/2020 23:47,-0.016,8.172,8.16,-0.024,8.17,55.2,0.0425
4/16/2020 23:52,-0.022,10.07,10.068,-0.024,10.064,68.35,3.855
4/16/2020 23:57,-0.012,9.578,9.566,-0.026,9.578,63.375,3.7325
4/17/2020 0:02,-0.012,9.162,9.148,-0.024,9.16,58.7,0.0425
4/17/2020 0:07,-0.014,8.77,8.758,-0.024,8.77,56.325,0.0425
4/17/2020 0:12,-0.016,8.422,8.408,-0.024,8.418,54.375,0.0425
4/17/2020 0:17,9.24,8.896,-0.014,0.282,8.894,57.1,6.045
4/17/2020 0:22,-0.012,9.788,9.776,-0.024,9.786,64.95,3.9125
4/17/2020 0:27,-0.012,9.352,9.34,-0.022,9.35,61.5,0.0425
4/17/2020 0:40,-0.012,8.32,8.31,-0.022,8.322,57.47500000000001,3.885
4/17/2020 4:39,6.118,5.6,-0.012,-0.026,5.598000000000001,29.875,5.542499999999999
4/17/2020 4:44,-0.018,9.964,9.956,-0.024,9.962,54.85,3.9275
4/17/2020 4:49,-0.014,9.446,9.436,-0.024,9.448,51.725,3.8025
4/17/2020 4:54,-0.014,9.146,9.132,-0.024,9.144,46.35000000000001,0.04
4/17/2020 4:59,-0.014,8.864,8.852,-0.024,8.864,45.1,0.04
4/17/2020 5:04,-0.016,8.568,8.556,-0.026,8.568,43.95,0.0425
4/17/2020 5:09,-0.016,8.272,8.262,-0.024,8.274,43.150000000000006,0.04
4/17/2020 5:14,-0.024,10.04,10.038,-0.026,10.04,56.72500000000001,3.86
4/17/2020 5:19,-0.014,9.638,9.628,-0.026,9.638,55.225,3.7525
4/17/2020 5:24,-0.014,9.338,9.326,-0.024,9.336,49.8,0.04
4/17/2020 5:29,-0.016,9.044,9.034,-0.024,9.046,48.6,0.04
4/17/2020 5:34,-0.016,8.772,8.762,-0.026,8.774,47.625,0.04
4/17/2020 5:39,-0.018,8.52,8.51,-0.026,8.522,46.1,0.0425
4/17/2020 5:44,9.478,9.018,-0.016,-0.026,9.014,48.425,6.120000000000001
4/17/2020 5:49,-0.014,9.654,9.64,-0.026,9.652,57.575,3.7575
4/17/2020 5:54,-0.014,9.314,9.302,-0.026,9.314,52.60000000000001,0.0425
4/17/2020 5:59,-0.016,9.014,9.002,-0.026,9.016,49.7,0.04
4/17/2020 6:04,-0.016,8.728,8.718,-0.026,8.732,48.85000000000001,0.0425
4/17/2020 6:09,-0.016,8.464,8.454,-0.026,8.464,47.85000000000001,0.0425
4/17/2020 6:14,-0.016,8.148,8.14,-0.026,8.15,46.475,0.0425
4/17/2020 6:18,-0.016,9.826,9.816,-0.026,9.826,59.375,3.86
4/17/2020 6:23,-0.014,9.208,9.198,-0.026,9.208,57.54999999999998,0.3900000000000005
4/17/2020 6:28,-0.016,8.932,8.922,-0.026,8.932,52.725,0.0425
4/17/2020 6:33,-0.016,8.546,8.536,-0.026,8.546,51.125,0.0425
4/17/2020 6:38,-0.018,8.296,8.284,-0.026,8.298,49.55000000000001,0.04
4/17/2020 6:43,-0.024,9.884,9.88,-0.024,9.882,59.35,3.8675
4/17/2020 6:48,-0.012,9.506,9.494,-0.024,9.506,59.1,3.9
4/17/2020 6:53,-0.016,9.184,9.17,-0.024,9.184,53.89999999999999,0.0425
4/17/2020 6:58,-0.016,8.854,8.842,-0.024,8.856,51.77499999999999,0.0425
4/17/2020 7:03,-0.016,8.596,8.586,-0.026,8.598,50.150000000000006,0.0425
4/17/2020 7:08,-0.018,8.358,8.348,-0.024,8.36,49.02499999999999,0.0425
4/17/2020 7:13,-0.018,8.124,8.116,-0.024,8.126,48.02499999999999,0.0425
4/17/2020 7:18,-0.014,9.852,9.84,-0.024,9.85,62.27499999999999,3.7875
4/17/2020 7:23,-0.014,9.328,9.318,-0.026,9.33,56.85,0.0475
4/17/2020 7:28,-0.018,9.038,9.028,-0.026,9.04,52.42500000000001,0.0425
4/17/2020 7:33,-0.016,8.656,8.646,-0.026,8.66,51.125,0.0425
4/17/2020 7:38,-0.018,8.374,8.364,-0.026,8.376,50.275000000000006,0.0425
4/17/2020 7:43,-0.016,8.144,8.136,-0.024,8.148,49.150000000000006,0.0425
4/17/2020 7:48,-0.018,9.908,9.9,-0.026,9.906,62.20000000000002,3.9025
4/17/2020 7:53,-0.014,9.448,9.436,-0.026,9.448,58.67500000000001,3.85
4/17/2020 7:58,-0.014,9.16,9.148,-0.026,9.16,54.02499999999999,0.0425
4/17/2020 8:03,-0.016,8.806,8.796,-0.024,8.808,53,0.04
4/17/2020 8:08,-0.016,8.48,8.468,-0.026,8.48,50.75,0.04
4/17/2020 8:12,-0.016,8.254,8.242,-0.024,8.254,49.02499999999999,0.0425
4/17/2020 8:17,9.8,9.366,-0.014,-0.024,9.364,50.6,6.1800000000000015
4/17/2020 8:22,-0.014,9.804,9.794,-0.024,9.802,60.975,3.877500000000001
4/17/2020 8:27,-0.014,9.484,9.47,-0.024,9.484,57.82499999999999,0.0425
4/17/2020 8:32,-0.014,9.176,9.166,-0.024,9.176,54.125,0.04
4/17/2020 8:37,-0.016,8.834,8.822,-0.026,8.836,52.125,0.0425
4/17/2020 8:42,-0.016,8.56,8.55,-0.024,8.562,50.825,0.0425
4/17/2020 8:47,-0.016,8.206,8.194,-0.026,8.206,49.85000000000001,0.0425
4/17/2020 8:52,-0.03,10.132,10.134,-0.024,10.128,57,3.86
4/17/2020 8:57,-0.014,9.644,9.632,-0.026,9.644,59.89999999999999,3.7975
4/17/2020 9:02,-0.014,9.336,9.324,-0.026,9.336,54.975,0.0425
4/17/2020 9:07,-0.018,9.044,9.032,-0.024,9.044,52.8,0.0425
4/17/2020 9:12,-0.016,8.784,8.774,-0.024,8.784,51.6,0.0425
4/17/2020 9:17,-0.016,8.464,8.45,-0.024,8.462,50.44999999999999,0.0425
4/17/2020 9:22,-0.018,8.248,8.238,-0.024,8.248,49.45,0.04
4/17/2020 9:27,-0.018,8.248,8.238,-0.024,8.248,49.45,0.04
4/17/2020 9:33,-0.018,8.248,8.238,-0.024,8.248,49.45,0.04
4/17/2020 9:39,-0.018,8.248,8.238,-0.024,8.248,49.45,0.04
4/17/2020 9:45,-0.018,8.248,8.238,-0.024,8.248,49.45,0.04
4/17/2020 9:51,-0.018,8.248,8.238,-0.024,8.248,49.45,0.04
4/17/2020 9:58,-0.018,8.248,8.238,-0.024,8.248,49.45,0.04
4/17/2020 10:04,-0.018,8.248,8.238,-0.024,8.248,49.45,0.04
4/17/2020 10:10,-0.018,8.248,8.238,-0.024,8.248,49.45,0.04
4/17/2020 10:16,-0.018,8.248,8.238,-0.024,8.248,49.45,0.04
4/17/2020 10:22,-0.018,8.248,8.238,-0.024,8.248,49.45,0.04
4/17/2020 10:28,-0.018,8.248,8.238,-0.024,8.248,49.45,0.04
4/17/2020 10:34,-0.018,8.248,8.238,-0.024,8.248,49.45,0.04
4/17/2020 10:40,-0.018,8.248,8.238,-0.024,8.248,49.45,0.04
4/17/2020 10:46,-0.018,8.248,8.238,-0.024,8.248,49.45,0.04
4/17/2020 10:52,-0.018,8.248,8.238,-0.024,8.248,49.45,0.04
4/17/2020 10:58,-0.018,8.248,8.238,-0.024,8.248,49.45,0.04
4/17/2020 11:04,-0.018,8.248,8.238,-0.024,8.248,49.45,0.04
4/17/2020 11:10,-0.018,8.248,8.238,-0.024,8.248,49.45,0.04
4/17/2020 11:16,-0.018,8.248,8.238,-0.024,8.248,49.45,0.04
4/17/2020 11:22,-0.018,8.248,8.238,-0.024,8.248,49.45,0.04
4/17/2020 11:28,-0.018,8.248,8.238,-0.024,8.248,49.45,0.04
4/17/2020 11:34,-0.018,8.248,8.238,-0.024,8.248,49.45,0.04
4/17/2020 11:40,-0.018,8.248,8.238,-0.024,8.248,49.45,0.04
4/17/2020 11:46,-0.018,8.248,8.238,-0.024,8.248,49.45,0.04
4/17/2020 11:52,-0.018,8.248,8.238,-0.024,8.248,49.45,0.04
4/17/2020 11:58,-0.018,8.248,8.238,-0.024,8.248,49.45,0.04
4/17/2020 12:04,-0.018,8.248,8.238,-0.024,8.248,49.45,0.04
4/17/2020 12:10,-0.018,8.248,8.238,-0.024,8.248,49.45,0.04
4/17/2020 12:16,-0.018,8.248,8.238,-0.024,8.248,49.45,0.04
4/17/2020 12:22,-0.018,8.248,8.238,-0.024,8.248,49.45,0.04
4/17/2020 12:28,-0.018,8.248,8.238,-0.024,8.248,49.45,0.04
4/17/2020 12:34,-0.018,8.248,8.238,-0.024,8.248,49.45,0.04
4/17/2020 12:40,-0.018,8.248,8.238,-0.024,8.248,49.45,0.04
4/17/2020 12:46,-0.018,8.248,8.238,-0.024,8.248,49.45,0.04
4/17/2020 12:52,-0.018,8.248,8.238,-0.024,8.248,49.45,0.04
4/17/2020 12:58,-0.018,8.248,8.238,-0.024,8.248,49.45,0.04
4/17/2020 13:05,-0.018,8.248,8.238,-0.024,8.248,49.45,0.04
4/17/2020 13:11,-0.018,8.248,8.238,-0.024,8.248,49.45,0.04
4/17/2020 13:17,-0.018,8.248,8.238,-0.024,8.248,49.45,0.04
4/17/2020 13:23,-0.018,8.248,8.238,-0.024,8.248,49.45,0.04
4/17/2020 13:29,-0.018,8.248,8.238,-0.024,8.248,49.45,0.04
4/17/2020 13:35,-0.018,8.248,8.238,-0.024,8.248,49.45,0.04
4/17/2020 13:41,-0.018,8.248,8.238,-0.024,8.248,49.45,0.04
4/17/2020 13:47,-0.018,8.248,8.238,-0.024,8.248,49.45,0.04
4/17/2020 13:53,-0.018,8.248,8.238,-0.024,8.248,49.45,0.04
4/17/2020 13:59,-0.018,8.248,8.238,-0.024,8.248,49.45,0.04
4/17/2020 14:05,-0.018,8.248,8.238,-0.024,8.248,49.45,0.04
4/17/2020 14:11,-0.018,8.248,8.238,-0.024,8.248,49.45,0.04
4/17/2020 14:17,-0.018,8.248,8.238,-0.024,8.248,49.45,0.04
4/17/2020 14:23,-0.018,8.248,8.238,-0.024,8.248,49.45,0.04
4/17/2020 14:29,-0.018,8.248,8.238,-0.024,8.248,49.45,0.04
4/17/2020 14:35,-0.018,8.248,8.238,-0.024,8.248,49.45,0.04
4/17/2020 14:41,-0.018,8.248,8.238,-0.024,8.248,49.45,0.04
4/17/2020 14:47,-0.018,8.248,8.238,-0.024,8.248,49.45,0.04
4/17/2020 14:53,-0.018,8.248,8.238,-0.024,8.248,49.45,0.04
4/17/2020 14:59,-0.018,8.248,8.238,-0.024,8.248,49.45,0.04
4/17/2020 15:05,-0.018,8.248,8.238,-0.024,8.248,49.45,0.04
4/17/2020 15:11,-0.018,8.248,8.238,-0.024,8.248,49.45,0.04
4/17/2020 15:17,-0.018,8.248,8.238,-0.024,8.248,49.45,0.04
4/17/2020 15:23,-0.018,8.248,8.238,-0.024,8.248,49.45,0.04
4/17/2020 15:29,-0.018,8.248,8.238,-0.024,8.248,49.45,0.04
4/17/2020 15:35,-0.018,8.248,8.238,-0.024,8.248,49.45,0.04
4/17/2020 15:41,-0.018,8.248,8.238,-0.024,8.248,49.45,0.04
4/17/2020 15:47,-0.018,8.248,8.238,-0.024,8.248,49.45,0.04
4/17/2020 15:53,-0.018,8.248,8.238,-0.024,8.248,49.45,0.04
4/17/2020 15:59,-0.018,8.248,8.238,-0.024,8.248,49.45,0.04
4/17/2020 16:06,-0.018,8.248,8.238,-0.024,8.248,49.45,0.04
4/17/2020 16:12,-0.018,8.248,8.238,-0.024,8.248,49.45,0.04
4/17/2020 16:18,-0.018,8.248,8.238,-0.024,8.248,49.45,0.04
4/17/2020 16:24,-0.018,8.248,8.238,-0.024,8.248,49.45,0.04
4/17/2020 16:30,-0.018,8.248,8.238,-0.024,8.248,49.45,0.04
4/17/2020 16:36,-0.018,8.248,8.238,-0.024,8.248,49.45,0.04
4/17/2020 16:42,-0.018,8.248,8.238,-0.024,8.248,49.45,0.04
4/17/2020 16:48,-0.018,8.248,8.238,-0.024,8.248,49.45,0.04
4/17/2020 16:54,-0.018,8.248,8.238,-0.024,8.248,49.45,0.04
4/17/2020 17:00,-0.018,8.248,8.238,-0.024,8.248,49.45,0.04
4/17/2020 17:06,-0.018,8.248,8.238,-0.024,8.248,49.45,0.04
4/17/2020 17:12,-0.018,8.248,8.238,-0.024,8.248,49.45,0.04
4/17/2020 17:18,-0.018,8.248,8.238,-0.024,8.248,49.45,0.04
4/17/2020 17:24,-0.018,8.248,8.238,-0.024,8.248,49.45,0.04
4/17/2020 17:30,-0.018,8.248,8.238,-0.024,8.248,49.45,0.04
4/17/2020 17:36,-0.018,8.248,8.238,-0.024,8.248,49.45,0.04
4/17/2020 17:42,-0.018,8.248,8.238,-0.024,8.248,49.45,0.04
4/17/2020 17:48,-0.018,8.248,8.238,-0.024,8.248,49.45,0.04
4/17/2020 17:54,-0.018,8.248,8.238,-0.024,8.248,49.45,0.04
4/17/2020 18:00,-0.018,8.248,8.238,-0.024,8.248,49.45,0.04
4/17/2020 18:06,-0.018,8.248,8.238,-0.024,8.248,49.45,0.04
4/17/2020 18:12,-0.018,8.248,8.238,-0.024,8.248,49.45,0.04
4/17/2020 18:18,-0.018,8.248,8.238,-0.024,8.248,49.45,0.04
4/17/2020 18:24,-0.018,8.248,8.238,-0.024,8.248,49.45,0.04
4/17/2020 18:30,-0.018,8.248,8.238,-0.024,8.248,49.45,0.04
4/17/2020 18:36,-0.018,8.248,8.238,-0.024,8.248,49.45,0.04
4/17/2020 18:42,-0.018,8.248,8.238,-0.024,8.248,49.45,0.04
4/17/2020 18:48,-0.018,8.248,8.238,-0.024,8.248,49.45,0.04
4/17/2020 18:54,-0.018,8.248,8.238,-0.024,8.248,49.45,0.04
4/17/2020 19:00,-0.018,8.248,8.238,-0.024,8.248,49.45,0.04
4/17/2020 19:06,-0.018,8.248,8.238,-0.024,8.248,49.45,0.04
4/17/2020 19:12,-0.018,8.248,8.238,-0.024,8.248,49.45,0.04
4/17/2020 19:18,-0.018,8.248,8.238,-0.024,8.248,49.45,0.04
4/17/2020 19:25,-0.018,8.248,8.238,-0.024,8.248,49.45,0.04
4/17/2020 19:31,-0.018,8.248,8.238,-0.024,8.248,49.45,0.04
4/17/2020 19:37,-0.018,8.248,8.238,-0.024,8.248,49.45,0.04
4/17/2020 19:43,-0.018,8.248,8.238,-0.024,8.248,49.45,0.04
4/17/2020 19:49,-0.018,8.248,8.238,-0.024,8.248,49.45,0.04
4/17/2020 19:55,-0.018,8.248,8.238,-0.024,8.248,49.45,0.04
4/17/2020 20:01,-0.018,8.248,8.238,-0.024,8.248,49.45,0.04
4/17/2020 20:07,-0.018,8.248,8.238,-0.024,8.248,49.45,0.04
4/17/2020 20:13,-0.018,8.248,8.238,-0.024,8.248,49.45,0.04
4/17/2020 20:19,-0.018,8.248,8.238,-0.024,8.248,49.45,0.04
4/17/2020 20:25,-0.018,8.248,8.238,-0.024,8.248,49.45,0.04
4/17/2020 20:31,-0.018,8.248,8.238,-0.024,8.248,49.45,0.04
4/17/2020 20:37,-0.018,8.248,8.238,-0.024,8.248,49.45,0.04
4/17/2020 20:43,-0.018,8.248,8.238,-0.024,8.248,49.45,0.04
4/17/2020 20:49,-0.018,8.248,8.238,-0.024,8.248,49.45,0.04
4/17/2020 20:55,-0.018,8.248,8.238,-0.024,8.248,49.45,0.04
4/17/2020 21:01,-0.018,8.248,8.238,-0.024,8.248,49.45,0.04
4/17/2020 21:07,-0.018,8.248,8.238,-0.024,8.248,49.45,0.04
4/17/2020 21:13,-0.018,8.248,8.238,-0.024,8.248,49.45,0.04
4/17/2020 21:19,-0.018,8.248,8.238,-0.024,8.248,49.45,0.04
4/17/2020 21:25,-0.018,8.248,8.238,-0.024,8.248,49.45,0.04
4/17/2020 21:31,-0.018,8.248,8.238,-0.024,8.248,49.45,0.04
4/17/2020 21:37,-0.018,8.248,8.238,-0.024,8.248,49.45,0.04
4/17/2020 21:43,-0.018,8.248,8.238,-0.024,8.248,49.45,0.04
4/17/2020 21:49,-0.018,8.248,8.238,-0.024,8.248,49.45,0.04
4/17/2020 21:55,-0.018,8.248,8.238,-0.024,8.248,49.45,0.04
4/17/2020 22:01,-0.018,8.248,8.238,-0.024,8.248,49.45,0.04
4/17/2020 22:07,-0.018,8.248,8.238,-0.024,8.248,49.45,0.04
4/17/2020 22:13,-0.018,8.248,8.238,-0.024,8.248,49.45,0.04
4/17/2020 22:19,-0.018,8.248,8.238,-0.024,8.248,49.45,0.04
4/17/2020 22:25,-0.018,8.248,8.238,-0.024,8.248,49.45,0.04
4/17/2020 22:31,-0.018,8.248,8.238,-0.024,8.248,49.45,0.04
4/17/2020 22:38,-0.018,8.248,8.238,-0.024,8.248,49.45,0.04
4/17/2020 22:44,-0.018,8.248,8.238,-0.024,8.248,49.45,0.04
4/17/2020 22:50,-0.018,8.248,8.238,-0.024,8.248,49.45,0.04
4/17/2020 22:56,-0.018,8.248,8.238,-0.024,8.248,49.45,0.04
4/17/2020 23:02,-0.018,8.248,8.238,-0.024,8.248,49.45,0.04
4/17/2020 23:08,-0.018,8.248,8.238,-0.024,8.248,49.45,0.04
4/17/2020 23:14,-0.018,8.248,8.238,-0.024,8.248,49.45,0.04
4/17/2020 23:20,-0.018,8.248,8.238,-0.024,8.248,49.45,0.04
4/17/2020 23:26,-0.018,8.248,8.238,-0.024,8.248,49.45,0.04
4/17/2020 23:32,-0.018,8.248,8.238,-0.024,8.248,49.45,0.04
4/17/2020 23:38,-0.018,8.248,8.238,-0.024,8.248,49.45,0.04
4/17/2020 23:44,-0.018,8.248,8.238,-0.024,8.248,49.45,0.04
4/17/2020 23:50,-0.018,8.248,8.238,-0.024,8.248,49.45,0.04
4/17/2020 23:56,-0.018,8.248,8.238,-0.024,8.248,49.45,0.04
4/18/2020 0:02,-0.018,8.248,8.238,-0.024,8.248,49.45,0.04
4/18/2020 0:08,-0.018,8.248,8.238,-0.024,8.248,49.45,0.04
4/18/2020 0:14,-0.018,8.248,8.238,-0.024,8.248,49.45,0.04
4/18/2020 0:25,8.592,8.388,-0.008,1.91,8.386,72.05,5.6875
4/18/2020 0:30,8.868,8.702,-0.01,1.99,8.702,72.975,5.674999999999999
4/18/2020 0:35,9.032,8.84,-0.012,2.039999999999999,8.842,73.35000000000001,5.7325
4/18/2020 0:40,9.042,8.874,-0.01,2.046,8.874,73.75,5.77
4/18/2020 0:45,8.824,8.624,-0.01,1.9800000000000004,8.626,73.55000000000001,5.649999999999999
4/18/2020 0:50,8.864,8.702,-0.01,1.9920000000000009,8.704,74,5.800000000000001
4/18/2020 0:55,8.938,8.744,-0.01,2.014,8.746,73.925,5.754999999999999
4/18/2020 1:00,8.916,8.756,-0.008,2.006,8.756,74.15,5.774999999999999
4/18/2020 1:05,8.956,8.762,-0.008,2.016,8.764,74.125,5.694999999999999
4/18/2020 1:10,8.914,8.756,-0.01,2.006,8.758,74.125,5.802499999999998
4/18/2020 1:15,8.952,8.76,-0.01,2.0180000000000007,8.76,74.2,5.7125
4/18/2020 1:20,8.91,8.756,-0.008,2.006,8.758,74.55000000000001,5.800000000000001
4/18/2020 1:25,8.954,8.766,-0.008,2.0180000000000007,8.766,74.25,5.794999999999998
4/18/2020 1:30,8.908,8.758,-0.01,2.006,8.76,74.44999999999999,5.705
4/18/2020 1:35,8.95,8.764,-0.01,2.02,8.764,74.25,5.762499999999999
4/18/2020 1:40,8.906,8.752,-0.01,2.006,8.754,74.325,5.797499999999999
4/18/2020 1:45,8.946,8.76,-0.01,2.0180000000000007,8.76,74.175,5.709999999999999
4/18/2020 1:50,8.904,8.75,-0.008,2.006,8.754,74.37499999999999,5.68
4/18/2020 1:55,8.948,8.762,-0.01,2.0180000000000007,8.764,74.125,5.694999999999999
4/18/2020 1:59,8.9,8.752,-0.008,2.004,8.754,74.25,5.674999999999999
4/18/2020 2:04,8.946,8.762,-0.008,2.0180000000000007,8.762,74.15,5.68
4/18/2020 2:09,8.898,8.75,-0.01,2.004,8.752,74.35000000000001,5.809999999999999
4/18/2020 2:14,8.95,8.766,-0.01,2.022,8.768,74.125,5.785
4/18/2020 2:19,8.904,8.756,-0.01,2.001999999999999,8.756,74.05,5.7775
4/18/2020 2:24,8.96,8.774,-0.01,2.022,8.776,74.05,5.6625
4/18/2020 2:29,8.916,8.764,-0.01,2.007999999999999,8.766,73.95,5.8125
4/18/2020 2:34,8.96,8.776,-0.008,2.02,8.778,74.10000000000001,5.7225
4/18/2020 2:39,8.91,8.762,-0.01,2.007999999999999,8.764,74.15,5.817499999999999
4/18/2020 2:44,8.962,8.778,-0.01,2.02,8.78,74.05,5.720000000000001
4/18/2020 2:49,6.49,8.76,-0.01,1.3339999999999996,8.762,74.22500000000001,5.25
4/18/2020 2:54,6.093999999999999,8.76,-0.008,1.16,8.762,74.325,5.18
4/18/2020 2:59,6.936,8.74,-0.008,1.4220000000000006,8.744,74.22500000000001,5.295000000000002
4/18/2020 3:04,6.710000000000001,8.75,-0.008,1.3659999999999997,8.752,74.22500000000001,5.26
4/18/2020 3:09,7.272,8.746,-0.008,1.5259999999999998,8.748,74.15,5.4
4/18/2020 3:14,7.202,8.762,-0.01,1.5039999999999996,8.764,74.025,5.27
4/18/2020 3:19,7.654,8.75,-0.008,1.6359999999999992,8.752,73.95,5.4925
4/18/2020 3:24,7.512,8.762,-0.008,1.5860000000000003,8.764,74.125,5.43
4/18/2020 3:29,8.03,8.748,-0.008,1.7379999999999995,8.748,74.05,5.4350000000000005
4/18/2020 3:34,7.848000000000001,8.766,-0.008,1.684000000000001,8.766,73.975,5.3925
4/18/2020 3:39,8.266,8.752,-0.008,1.808,8.756,73.825,5.477499999999999
4/18/2020 3:44,8.184,8.762,-0.01,1.7800000000000011,8.764,73.85,5.487500000000001
4/18/2020 3:49,8.502,8.75,-0.008,1.879999999999999,8.754,73.875,5.720000000000001
4/18/2020 3:53,8.372,8.762,-0.01,1.838000000000001,8.764,73.9,5.52
4/18/2020 3:58,8.678,8.754,-0.008,1.9280000000000008,8.754,73.70000000000002,5.702499999999999
4/18/2020 4:03,8.566,8.756,-0.008,1.8960000000000008,8.76,73.64999999999999,5.545
4/18/2020 4:08,8.856,8.664,-0.01,1.9819999999999995,8.668,73.675,5.7575
4/18/2020 4:13,8.74,8.766,-0.006,1.943999999999999,8.768,73.85,5.57
4/18/2020 4:18,8.998,8.804,-0.008,2.02,8.806,72.625,5.8325
4/18/2020 4:23,8.908,8.814,-0.012,1.994,8.814,73.52499999999999,5.67
4/18/2020 4:28,9.016,8.822,-0.008,2.026,8.822,73.8,5.674999999999999
4/18/2020 4:33,8.944,8.786,-0.006,2.001999999999999,8.788,73.52499999999999,5.75
4/18/2020 4:38,9.024,8.828,-0.006,2.024000000000001,8.83,73.275,5.85
4/18/2020 4:43,8.996,8.836,-0.01,2.01,8.836,73.64999999999999,5.8475
4/18/2020 4:48,9.07,8.876,-0.01,2.033999999999999,8.878,73.44999999999999,5.7475000000000005
4/18/2020 4:53,9.056,8.9,-0.01,2.0279999999999987,8.902,73.85,5.782499999999999
4/18/2020 4:58,9.108,8.916,-0.008,2.042,8.918,73.64999999999999,5.6975
4/18/2020 5:03,9.048,8.896,-0.008,2.024000000000001,8.898,73.64999999999999,5.802499999999998
4/18/2020 5:08,9.02,8.826,-0.008,2.02,8.828,73.32499999999999,5.782499999999999
4/18/2020 5:13,8.922,8.76,-0.008,1.9920000000000009,8.762,73.05,5.720000000000001
4/18/2020 5:18,8.946,8.748,-0.006,2,8.75,73.025,5.6975
4/18/2020 5:23,8.926,8.764,-0.006,1.9920000000000009,8.762,72.35000000000001,5.682499999999999
4/18/2020 5:28,9.008,8.818,-0.008,2.0180000000000007,8.82,72.675,5.787500000000001
4/18/2020 5:33,8.982,8.83,-0.008,2.01,8.826,72.37499999999999,5.8225
4/18/2020 5:38,9.04,8.85,-0.006,2.022,8.85,73.50000000000001,5.85
4/18/2020 5:43,9.006,8.854,-0.008,2.014,8.856,73.05,5.6875
4/18/2020 5:47,9.05,8.866,-0.008,2.024000000000001,8.868,72.625,5.7775
4/18/2020 5:52,9.02,8.872,-0.008,2.016,8.872,72.44999999999999,5.7475000000000005
4/18/2020 5:57,8.93,8.744,-0.006,1.99,8.744,71.975,5.69
4/18/2020 6:02,8.55,8.384,-0.008,1.879999999999999,8.384,71.975,5.674999999999999
4/18/2020 6:07,8.87,8.678,-0.01,1.9720000000000013,8.678,72.075,5.77
4/18/2020 6:12,8.924,8.774,-0.008,1.9879999999999995,8.772,73.025,5.6775
4/18/2020 6:17,8.944,8.76,-0.006,1.9920000000000009,8.758,72.24999999999999,5.82
4/18/2020 6:22,8.928,8.78,-0.008,1.9879999999999995,8.778,72.85,5.640000000000001
4/18/2020 6:27,8.948,8.748,-0.008,1.9920000000000009,8.748,72.275,5.8375
4/18/2020 6:32,8.6,8.436,-0.008,1.888,8.434,72.52499999999999,5.627500000000001
4/18/2020 6:37,8.724,8.53,-0.008,1.924,8.53,71.95,5.77
4/18/2020 6:42,8.91,8.752,-0.01,1.9800000000000004,8.752,72.6,5.824999999999999
4/18/2020 6:47,9.044,8.86,-0.006,2.016,8.858,72.625,5.824999999999999
4/18/2020 6:52,9.03,8.884,-0.008,2.014,8.882,73.05,5.8675000000000015
4/18/2020 6:57,9.1,8.914,-0.01,2.032,8.912,72.675,5.82
4/18/2020 7:02,9.09,8.938,-0.01,2.026,8.94,73.075,5.854999999999999
4/18/2020 7:07,9.156,8.974,-0.008,2.048,8.974,73.35000000000001,5.7925
4/18/2020 7:12,9.116,8.972,-0.012,2.036,8.974,73.625,5.897500000000001
4/18/2020 7:17,9.17,8.99,-0.01,2.0540000000000003,8.992,73.95,5.815
4/18/2020 7:22,6.6080000000000005,8.968,-0.01,1.3419999999999987,8.968,74.175,5.4375
4/18/2020 7:27,6.254,8.974,-0.012,1.2040000000000006,8.976,74.42500000000001,5.08
4/18/2020 7:32,6.99,8.956,-0.01,1.4059999999999988,8.958,74.75,5.3925
4/18/2020 7:36,6.885999999999999,8.936,-0.008,1.394,8.938,74.175,5.275
4/18/2020 7:41,7.334,8.868,-0.008,1.5220000000000002,8.87,73.95,5.385
4/18/2020 7:46,7.166,8.854,-0.008,1.4800000000000004,8.856,74.25,5.324999999999999
4/18/2020 7:51,7.721999999999999,8.824,-0.008,1.6340000000000003,8.826,73.95,5.477499999999999
4/18/2020 7:56,7.584,8.866,-0.01,1.596,8.868,73.75,5.3675
4/18/2020 8:01,8.074,8.758,-0.008,1.734,8.76,73.15,5.585000000000001
4/18/2020 8:06,7.898,8.814,-0.006,1.6660000000000004,8.814,73.975,5.5600000000000005
4/18/2020 8:11,8.318,8.842,-0.008,1.8120000000000007,8.842,73.55000000000001,5.6625
4/18/2020 8:16,8.214,8.866,-0.01,1.774000000000001,8.868,73.85,5.625
4/18/2020 8:21,8.592,8.87,-0.008,1.8859999999999992,8.872,73.125,5.549999999999999
4/18/2020 8:26,8.412,8.884,-0.008,1.834,8.886,73.725,5.535
4/18/2020 8:31,8.752,8.878,-0.01,1.936,8.88,73.42500000000001,5.762499999999999
4/18/2020 8:36,8.606,8.886,-0.008,1.892,8.89,74.10000000000001,5.640000000000001
4/18/2020 8:41,8.912,8.86,-0.008,1.9800000000000004,8.86,74.05,5.68
4/18/2020 8:46,8.732,8.826,-0.006,1.9280000000000008,8.828,74.52499999999999,5.627500000000001
4/18/2020 8:51,8.934,8.732,-0.008,1.9879999999999995,8.734,74.2,5.760000000000002
4/18/2020 8:56,8.86,8.702,-0.004,1.9640000000000004,8.704,74.35000000000001,5.592500000000001
4/18/2020 9:01,8.942,8.744,-0.01,1.9860000000000009,8.744,74.725,5.6850000000000005
4/18/2020 9:06,8.948,8.796,-0.01,1.9920000000000009,8.796,74.44999999999999,5.789999999999999
4/18/2020 9:11,8.914,8.714,-0.006,1.9800000000000004,8.714,74.44999999999999,5.7225
4/18/2020 9:16,8.948,8.788,-0.008,1.994,8.792,74.825,5.700000000000001
4/18/2020 9:21,9.014,8.822,-0.01,2.01,8.824,75,5.717499999999999
4/18/2020 9:26,8.906,8.746,-0.008,1.975999999999999,8.746,74.675,5.767500000000002
4/18/2020 9:30,9.014,8.822,-0.006,2.006,8.824,75.125,5.715
4/18/2020 9:35,9.026,8.874,-0.01,2.007999999999999,8.876,75.49999999999999,5.692500000000001
4/18/2020 9:40,9.096,8.908,-0.01,2.033999999999999,8.91,75.275,5.727500000000001
4/18/2020 9:45,9.068,8.918,-0.01,2.026,8.92,75.975,5.692500000000001
4/18/2020 9:50,9.114,8.926,-0.01,2.0440000000000005,8.928,76.075,5.745000000000001
4/18/2020 9:55,9.07,8.924,-0.008,2.032,8.926,76.44999999999999,5.692500000000001
4/18/2020 10:00,9.104,8.922,-0.008,2.042,8.926,76.325,5.787500000000001
4/18/2020 10:05,9.006,8.862,-0.008,2.0120000000000005,8.868,76.325,5.8225
4/18/2020 10:10,8.946,8.754,-0.01,2.001999999999999,8.756,75.52499999999999,5.7125
4/18/2020 10:15,8.878,8.726,-0.006,1.9800000000000004,8.73,75.62500000000001,5.700000000000001
4/18/2020 10:20,8.96,8.772,-0.006,2.006,8.774,75.25,5.77
4/18/2020 10:25,8.94,8.796,-0.004,2.001999999999999,8.796,75.725,5.74
4/18/2020 10:30,8.942,8.76,-0.006,2.004,8.762,74.825,5.664999999999999
4/18/2020 10:35,8.932,8.79,-0.006,1.998000000000001,8.792,75.37499999999999,5.672499999999999
4/18/2020 10:40,9,8.816,-0.006,2.0180000000000007,8.818,74.62500000000001,5.709999999999999
4/18/2020 10:45,8.966,8.83,-0.006,2.01,8.832,74.50000000000001,5.664999999999999
4/18/2020 10:50,9.034,8.852,-0.006,2.0279999999999987,8.858,74.825,5.860000000000001
4/18/2020 10:55,8.99,8.85,-0.006,2.016,8.854,74.44999999999999,5.705
4/18/2020 11:00,9.046,8.87,-0.008,2.032,8.87,74.85,5.694999999999999
4/18/2020 11:05,9.012,8.878,-0.008,2.022,8.882,75.125,5.805
4/18/2020 11:10,9.062,8.89,-0.006,2.042,8.89,75.85,5.802499999999998
4/18/2020 11:15,8.984,8.844,-0.006,2.014,8.846,75.025,5.700000000000001
4/18/2020 11:20,9.02,8.846,-0.006,2.032,8.848,75.825,5.782499999999999
4/18/2020 11:24,8.862,8.72,-0.008,1.974,8.722,75.8,5.762499999999999
4/18/2020 11:29,8.882,8.688,-0.006,1.9800000000000004,8.69,76.175,5.645
4/18/2020 11:34,8.84,8.692,-0.004,1.9720000000000013,8.692,75.1,5.640000000000001
4/18/2020 11:39,8.962,8.776,-0.006,2.001999999999999,8.778,74.825,5.664999999999999
4/18/2020 11:44,8.964,8.828,-0.006,2.006,8.828,75.325,5.692500000000001
4/18/2020 11:49,9.058,8.884,-0.006,2.033999999999999,8.886,75.15,5.715
4/18/2020 11:54,9.002,8.86,-0.01,2.016,8.864,75.42500000000001,5.69
4/18/2020 11:59,7.054,8.882,-0.008,1.5359999999999996,8.882,75.85,5.5525
4/18/2020 12:04,6.539999999999999,8.89,-0.006,1.2880000000000005,8.892,75.825,5.225
4/18/2020 12:09,6.486000000000001,8.92,-0.008,1.283999999999999,8.92,75.95,5.225
4/18/2020 12:14,7.148,8.904,-0.01,1.481999999999999,8.908,76.29999999999998,5.27
4/18/2020 12:19,7.061999999999999,8.906,-0.008,1.4499999999999993,8.908,76.6,5.205
4/18/2020 12:24,7.48,8.88,-0.006,1.5779999999999994,8.882,77.325,5.380000000000001
4/18/2020 12:29,7.316000000000001,8.884,-0.006,1.5279999999999987,8.888,77.525,5.4125
4/18/2020 12:34,7.773999999999999,8.842,-0.004,1.6660000000000004,8.846,77.22500000000001,5.4125
4/18/2020 12:39,7.555999999999999,8.68,-0.004,1.596,8.684,76.89999999999999,5.344999999999999
4/18/2020 12:44,8.028,8.64,0,1.7400000000000002,8.642,76.15,5.467500000000001
4/18/2020 12:49,7.916,8.684,-0.004,1.7100000000000009,8.688,76.69999999999999,5.529999999999999
4/18/2020 12:54,8.352,8.698,-0.004,1.838000000000001,8.7,76.89999999999999,5.540000000000001
4/18/2020 12:59,8.128,8.738,-0.002,1.774000000000001,8.738,76.67500000000001,5.487500000000001
4/18/2020 13:04,8.56,8.692,-0.002,1.898,8.696,76.725,5.59
4/18/2020 13:09,8.426,8.734,-0.004,1.8520000000000003,8.734,75.77499999999999,5.627500000000001
4/18/2020 13:13,8.736,8.77,-0.004,1.9480000000000004,8.774,75.22500000000001,5.754999999999999
4/18/2020 13:18,8.562,8.814,-0.004,1.892,8.816,75.29999999999998,5.6875
4/18/2020 13:23,8.862,8.814,-0.004,1.9819999999999995,8.818,75.075,5.692500000000001
4/18/2020 13:28,8.694,8.816,-0.006,1.9320000000000004,8.818,75.725,5.5875
4/18/2020 13:33,8.98,8.818,-0.008,2.016,8.818,76.075,5.694999999999999
4/18/2020 13:38,8.784,8.802,-0.004,1.958,8.804,77.275,5.602499999999999
4/18/2020 13:43,8.906,8.71,-0.002,1.9960000000000004,8.71,76.62500000000001,5.674999999999999
4/18/2020 13:48,8.878,8.734,-0.002,1.9860000000000009,8.732,77.2,5.682499999999999
4/18/2020 13:53,8.864,8.662,-0.004,1.978,8.662,75.44999999999999,5.615000000000002
4/18/2020 13:58,8.774,8.612,-0.004,1.9480000000000004,8.612,75.925,5.634999999999998
4/18/2020 14:03,8.656,8.446,-0.002,1.914,8.446,75.52499999999999,5.700000000000001
4/18/2020 14:08,8.804,8.644,-0.002,1.9559999999999995,8.644,75.8,5.672499999999999
4/18/2020 14:13,8.884,8.686,-0.002,1.9800000000000004,8.684,75.15,5.760000000000002
4/18/2020 14:18,8.934,8.782,-0.006,1.994,8.782,75.025,5.634999999999998
4/18/2020 14:23,9.024,8.836,-0.008,2.0180000000000007,8.836,75,5.6875
4/18/2020 14:28,9,8.85,-0.006,2.01,8.852,75.29999999999998,5.7325
4/18/2020 14:33,9.066,8.88,-0.008,2.030000000000001,8.882,75.75,5.6875
4/18/2020 14:38,9.03,8.886,-0.008,2.024000000000001,8.888,75.875,5.809999999999999
4/18/2020 14:43,9.078,8.896,-0.008,2.0380000000000003,8.898,76.22500000000001,5.845000000000001
4/18/2020 14:48,9.026,8.882,-0.006,2.026,8.886,76.62500000000001,5.789999999999999
4/18/2020 14:53,9.07,8.888,-0.008,2.036,8.89,76.925,5.809999999999999
4/18/2020 14:58,9.012,8.878,-0.006,2.02,8.882,77.525,5.827500000000001
4/18/2020 15:03,9.038,8.854,-0.004,2.032,8.858,77.42500000000001,5.672499999999999
4/18/2020 15:07,8.72,8.568,-0.006,1.9379999999999988,8.57,76.975,5.627500000000001
4/18/2020 15:12,8.896,8.704,-0.002,1.994,8.706,75.69999999999999,5.6675
4/18/2020 15:17,8.834,8.688,-0.004,1.975999999999999,8.69,75.85,5.637499999999999
4/18/2020 15:22,8.94,8.75,-0.002,2.007999999999999,8.75,76.075,5.815
4/18/2020 15:27,8.854,8.71,-0.002,1.984,8.712,76.4,5.620000000000001
4/18/2020 15:32,8.894,8.71,-0.006,1.9920000000000009,8.712,75.925,5.692500000000001
4/18/2020 15:37,8.876,8.73,-0.002,1.984,8.728,76,5.6775
4/18/2020 15:42,8.976,8.796,-0.006,2.016,8.796,75.1,5.74
4/18/2020 15:47,8.962,8.822,-0.006,2.004,8.826,75.2,5.815
4/18/2020 15:52,9.034,8.848,-0.002,2.030000000000001,8.848,73.925,5.6850000000000005
4/18/2020 15:57,8.974,8.838,-0.006,2.014,8.84,74.825,5.8225
4/18/2020 16:02,9.04,8.862,-0.006,2.032,8.87,74.875,5.8325
4/18/2020 16:07,8.97,8.838,-0.006,2.0120000000000005,8.842,75.42500000000001,5.725
4/18/2020 16:12,8.996,8.82,-0.002,2.0180000000000007,8.816,75.29999999999998,5.805
4/18/2020 16:17,8.964,8.828,-0.006,2.007999999999999,8.826,75.325,5.815
4/18/2020 16:22,9.012,8.834,-0.004,2.024000000000001,8.832,75.05,5.797499999999999
4/18/2020 16:27,8.84,8.694,-0.004,1.9699999999999989,8.694,74.925,5.6525
4/18/2020 16:32,8.878,8.686,-0.004,1.9800000000000004,8.684,75.29999999999998,5.640000000000001
4/18/2020 16:37,6.302,8.76,-0.006,1.2400000000000002,8.756,74.70000000000002,5.1175
4/18/2020 16:42,6.353999999999999,8.834,-0.006,1.231999999999999,8.832,74.70000000000002,5.19
4/18/2020 16:47,6.99,8.84,-0.006,1.4280000000000008,8.842,74.22500000000001,5.265000000000001
4/18/2020 16:52,6.938000000000001,8.868,-0.004,1.41,8.866,73.85,5.220000000000001
4/18/2020 16:57,7.423999999999999,8.884,-0.006,1.5459999999999994,8.884,74.325,5.482499999999998
4/18/2020 17:02,7.34,8.918,-0.006,1.5199999999999996,8.918,74.6,5.407500000000001
4/18/2020 17:06,7.754,8.914,-0.008,1.6419999999999997,8.914,74.825,5.540000000000001
4/18/2020 17:11,7.56,8.93,-0.006,1.59,8.932,74.925,5.359999999999999
4/18/2020 17:16,8.062,8.928,-0.008,1.731999999999999,8.928,75.325,5.5
4/18/2020 17:21,7.898,8.94,-0.008,1.6920000000000002,8.94,75.675,5.58
4/18/2020 17:26,8.302,8.91,-0.008,1.8099999999999987,8.912,75.85,5.515000000000001
4/18/2020 17:31,8.174,8.912,-0.006,1.766,8.914,75.975,5.602499999999999
4/18/2020 17:36,8.524,8.844,-0.006,1.872,8.844,75.325,5.5875
4/18/2020 17:41,8.32,8.798,-0.006,1.8120000000000007,8.796,74.62500000000001,5.654999999999999
4/18/2020 17:46,8.67,8.75,-0.004,1.918,8.752,74.52499999999999,5.600000000000001
4/18/2020 17:51,8.512,8.8,-0.004,1.8739999999999988,8.802,74.75,5.6850000000000005
4/18/2020 17:56,8.838,8.816,-0.006,1.962,8.816,74.8,5.6525
4/18/2020 18:01,8.694,8.846,-0.006,1.92,8.846,74.675,5.59
4/18/2020 18:06,8.976,8.83,-0.008,2.001999999999999,8.83,74.325,5.734999999999999
4/18/2020 18:11,8.832,8.858,-0.006,1.9600000000000009,8.856,73.725,5.7775
4/18/2020 18:16,8.974,8.776,-0.006,2,8.774,73.925,5.700000000000001
4/18/2020 18:21,8.94,8.838,-0.004,1.9860000000000009,8.84,73.70000000000002,5.6675
4/18/2020 18:26,9.032,8.838,-0.008,2.0180000000000007,8.838,74.125,5.694999999999999
4/18/2020 18:31,8.984,8.84,-0.01,2.001999999999999,8.84,74,5.809999999999999
4/18/2020 18:36,9.036,8.842,-0.01,2.022,8.844,74.25,5.762499999999999
4/18/2020 18:41,8.978,8.828,-0.006,2.001999999999999,8.83,75.025,5.817499999999999
4/18/2020 18:46,9.038,8.844,-0.004,2.0180000000000007,8.842,74.05,5.700000000000001
4/18/2020 18:51,9.002,8.852,-0.004,2.004,8.85,74.125,5.709999999999999
4/18/2020 18:55,8.996,8.798,-0.006,2.006,8.798,74.125,5.83
4/18/2020 19:00,8.872,8.71,-0.006,1.9640000000000004,8.71,74.2,5.789999999999999
4/18/2020 19:05,8.97,8.776,-0.006,1.9960000000000004,8.774,73.825,5.827500000000001
4/18/2020 19:10,8.976,8.822,-0.008,1.9960000000000004,8.82,73.70000000000002,5.807500000000001
4/18/2020 19:15,9.038,8.844,-0.008,2.0120000000000005,8.844,73.64999999999999,5.794999999999998
4/18/2020 19:20,9.028,8.876,-0.008,2.007999999999999,8.872,73.725,5.692500000000001
4/18/2020 19:25,9.078,8.888,-0.008,2.02,8.888,73.025,5.869999999999999
4/18/2020 19:30,9.058,8.904,-0.008,2.016,8.904,73.55000000000001,5.794999999999998
4/18/2020 19:35,9.13,8.938,-0.01,2.036,8.94,74.05,5.789999999999999
4/18/2020 19:40,9.09,8.938,-0.008,2.0279999999999987,8.942,74.15,5.720000000000001
4/18/2020 19:45,9.138,8.95,-0.01,2.0380000000000003,8.95,74.37499999999999,5.745000000000001
4/18/2020 19:50,9.098,8.952,-0.01,2.0279999999999987,8.95,74.675,5.700000000000001
4/18/2020 19:55,9.148,8.962,-0.01,2.0440000000000005,8.962,74.62500000000001,5.737500000000001
4/18/2020 20:00,9.1,8.954,-0.008,2.030000000000001,8.954,74.9,5.862499999999999
4/18/2020 20:05,9.138,8.954,-0.008,2.046,8.954,74.85,5.890000000000001
4/18/2020 20:10,8.988,8.838,-0.008,2.004,8.84,74.15,5.794999999999998
4/18/2020 20:15,9.038,8.848,-0.008,2.0180000000000007,8.848,74.05,5.734999999999999
4/18/2020 20:20,9.02,8.87,-0.01,2.0120000000000005,8.872,73.52499999999999,5.845000000000001
4/18/2020 20:25,9.018,8.836,-0.006,2.0120000000000005,8.834,72.55,5.8125
4/18/2020 20:30,9.008,8.864,-0.006,2.0120000000000005,8.862,73.10000000000001,5.845000000000001
4/18/2020 20:35,9.064,8.884,-0.006,2.026,8.88,73.025,5.700000000000001
4/18/2020 20:40,9.032,8.888,-0.008,2.016,8.888,73.42500000000001,5.8375
4/18/2020 20:44,9.092,8.91,-0.01,2.032,8.914,73.52499999999999,5.8325
4/18/2020 20:49,9.05,8.906,-0.01,2.0180000000000007,8.908,73.30000000000001,5.797499999999999
4/18/2020 20:54,9.108,8.928,-0.006,2.039999999999999,8.928,72.85,5.725
4/18/2020 20:59,9.054,8.91,-0.008,2.026,8.912,73.275,5.692500000000001
4/18/2020 21:04,9.098,8.916,-0.012,2.036,8.918,73.15,5.6875
4/18/2020 21:09,9.04,8.896,-0.008,2.02,8.898,73.8,5.6875
4/18/2020 21:14,9.088,8.906,-0.008,2.0279999999999987,8.906,73.025,5.834999999999999
4/18/2020 21:19,9.044,8.9,-0.008,2.0180000000000007,8.9,73.725,5.83
4/18/2020 21:24,9.052,8.866,-0.01,2.0180000000000007,8.862,72.725,5.8775
4/18/2020 21:29,9.014,8.872,-0.008,2.007999999999999,8.87,73.725,5.754999999999999
4/18/2020 21:34,6.1240000000000006,8.902,-0.004,1.1359999999999992,8.896,73.15,5.209999999999999
4/18/2020 21:39,6.7780000000000005,8.8,-0.006,1.346,8.796,73.44999999999999,5.209999999999999
4/18/2020 21:44,6.49,8.87,-0.008,1.2720000000000002,8.868,72.75,5.305
4/18/2020 21:49,7.210000000000001,8.89,-0.008,1.4860000000000009,8.89,72.825,5.387500000000001
4/18/2020 21:54,7.109999999999999,8.92,-0.01,1.452,8.922,72.8,5.280000000000001
4/18/2020 21:59,7.593999999999999,8.928,-0.008,1.588000000000001,8.928,73.32499999999999,5.4575
4/18/2020 22:04,7.496,8.962,-0.01,1.5620000000000012,8.962,73.55000000000001,5.385
4/18/2020 22:09,7.984,8.966,-0.012,1.7059999999999995,8.966,73.44999999999999,5.5875
4/18/2020 22:14,7.866,8.978,-0.01,1.6660000000000004,8.98,73.825,5.440000000000001
4/18/2020 22:19,8.262,8.966,-0.01,1.7759999999999998,8.966,74.10000000000001,5.637499999999999
4/18/2020 22:24,8.12,8.97,-0.01,1.7379999999999995,8.97,74.44999999999999,5.467500000000001
4/18/2020 22:29,8.56,8.946,-0.01,1.8640000000000008,8.95,74.64999999999999,5.715
4/18/2020 22:34,8.388,8.924,-0.008,1.815999999999999,8.926,74.55000000000001,5.649999999999999
4/18/2020 22:38,8.69,8.88,-0.008,1.9059999999999988,8.882,74.35000000000001,5.715
4/18/2020 22:43,8.544,8.894,-0.006,1.866,8.896,73.22500000000001,5.615000000000002
4/18/2020 22:48,8.888,8.866,-0.008,1.9699999999999989,8.868,73.64999999999999,5.705
4/18/2020 22:53,8.746,8.868,-0.006,1.924,8.866,73.55000000000001,5.5975
4/18/2020 22:58,9.034,8.86,-0.008,2.01,8.86,72.95,5.6850000000000005
4/18/2020 23:03,8.888,8.836,-0.006,1.9699999999999989,8.838,73.8,5.6775
4/18/2020 23:08,9.042,8.844,-0.008,2.0120000000000005,8.842,73.825,5.6675
4/18/2020 23:13,9.022,8.874,-0.008,2.006,8.876,73.52499999999999,5.794999999999998
4/18/2020 23:18,9.078,8.88,-0.006,2.022,8.88,74.22500000000001,5.7775
4/18/2020 23:23,9.05,8.892,-0.006,2.016,8.892,72.825,5.745000000000001
4/18/2020 23:28,9.088,8.89,-0.008,2.026,8.894,72.95,5.717499999999999
4/18/2020 23:33,9.048,8.892,-0.01,2.016,8.894,72.825,5.694999999999999
4/18/2020 23:38,9.08,8.888,-0.006,2.024000000000001,8.888,73.125,5.8325
4/18/2020 23:43,9.028,8.874,-0.008,2.004,8.874,73.44999999999999,5.765000000000001
4/18/2020 23:48,9.082,8.888,-0.008,2.022,8.886,73.05,5.760000000000002
4/18/2020 23:53,9.03,8.87,-0.01,2.006,8.87,72.52499999999999,5.815
4/18/2020 23:58,9.076,8.88,-0.008,2.0180000000000007,8.88,73.10000000000001,5.7425
